"# Figure 4: the full classification to a,b,c <= 12. Z never intersects the quark-hosting set"
a,b,c,boxes,parity,in_Z_degenerate,hosts_quark_cell,pairs_at
0,0,1,3,odd,False,False,even m
0,0,2,6,even,False,False,odd m
0,0,3,9,odd,False,False,even m
0,0,4,12,even,False,False,odd m
0,0,5,15,odd,False,False,even m
0,0,6,18,even,False,False,odd m
0,0,7,21,odd,False,False,even m
0,0,8,24,even,False,False,odd m
0,0,9,27,odd,False,False,even m
0,0,10,30,even,False,False,odd m
0,0,11,33,odd,False,False,even m
0,0,12,36,even,False,False,odd m
0,1,0,2,even,True,False,odd m
0,1,1,5,odd,False,False,even m
0,1,2,8,even,False,False,odd m
0,1,3,11,odd,False,True,even m
0,1,4,14,even,False,False,odd m
0,1,5,17,odd,False,True,even m
0,1,6,20,even,False,False,odd m
0,1,7,23,odd,False,True,even m
0,1,8,26,even,False,False,odd m
0,1,9,29,odd,False,True,even m
0,1,10,32,even,False,False,odd m
0,1,11,35,odd,False,True,even m
0,1,12,38,even,False,False,odd m
0,2,0,4,even,False,False,odd m
0,2,1,7,odd,False,True,even m
0,2,2,10,even,False,False,odd m
0,2,3,13,odd,False,True,even m
0,2,4,16,even,False,False,odd m
0,2,5,19,odd,False,True,even m
0,2,6,22,even,False,False,odd m
0,2,7,25,odd,False,True,even m
0,2,8,28,even,False,False,odd m
0,2,9,31,odd,False,True,even m
0,2,10,34,even,False,False,odd m
0,2,11,37,odd,False,True,even m
0,2,12,40,even,False,False,odd m
0,3,0,6,even,True,False,odd m
0,3,1,9,odd,False,True,even m
0,3,2,12,even,False,False,odd m
0,3,3,15,odd,False,True,even m
0,3,4,18,even,False,False,odd m
0,3,5,21,odd,False,True,even m
0,3,6,24,even,False,False,odd m
0,3,7,27,odd,False,True,even m
0,3,8,30,even,False,False,odd m
0,3,9,33,odd,False,True,even m
0,3,10,36,even,False,False,odd m
0,3,11,39,odd,False,True,even m
0,3,12,42,even,False,False,odd m
0,4,0,8,even,False,False,odd m
0,4,1,11,odd,False,True,even m
0,4,2,14,even,False,False,odd m
0,4,3,17,odd,False,True,even m
0,4,4,20,even,False,False,odd m
0,4,5,23,odd,False,True,even m
0,4,6,26,even,False,False,odd m
0,4,7,29,odd,False,True,even m
0,4,8,32,even,False,False,odd m
0,4,9,35,odd,False,True,even m
0,4,10,38,even,False,False,odd m
0,4,11,41,odd,False,True,even m
0,4,12,44,even,False,False,odd m
0,5,0,10,even,True,False,odd m
0,5,1,13,odd,False,True,even m
0,5,2,16,even,False,False,odd m
0,5,3,19,odd,False,True,even m
0,5,4,22,even,False,False,odd m
0,5,5,25,odd,False,True,even m
0,5,6,28,even,False,False,odd m
0,5,7,31,odd,False,True,even m
0,5,8,34,even,False,False,odd m
0,5,9,37,odd,False,True,even m
0,5,10,40,even,False,False,odd m
0,5,11,43,odd,False,True,even m
0,5,12,46,even,False,False,odd m
0,6,0,12,even,False,False,odd m
0,6,1,15,odd,False,True,even m
0,6,2,18,even,False,False,odd m
0,6,3,21,odd,False,True,even m
0,6,4,24,even,False,False,odd m
0,6,5,27,odd,False,True,even m
0,6,6,30,even,False,False,odd m
0,6,7,33,odd,False,True,even m
0,6,8,36,even,False,False,odd m
0,6,9,39,odd,False,True,even m
0,6,10,42,even,False,False,odd m
0,6,11,45,odd,False,True,even m
0,6,12,48,even,False,False,odd m
0,7,0,14,even,True,False,odd m
0,7,1,17,odd,False,True,even m
0,7,2,20,even,False,False,odd m
0,7,3,23,odd,False,True,even m
0,7,4,26,even,False,False,odd m
0,7,5,29,odd,False,True,even m
0,7,6,32,even,False,False,odd m
0,7,7,35,odd,False,True,even m
0,7,8,38,even,False,False,odd m
0,7,9,41,odd,False,True,even m
0,7,10,44,even,False,False,odd m
0,7,11,47,odd,False,True,even m
0,7,12,50,even,False,False,odd m
0,8,0,16,even,False,False,odd m
0,8,1,19,odd,False,True,even m
0,8,2,22,even,False,False,odd m
0,8,3,25,odd,False,True,even m
0,8,4,28,even,False,False,odd m
0,8,5,31,odd,False,True,even m
0,8,6,34,even,False,False,odd m
0,8,7,37,odd,False,True,even m
0,8,8,40,even,False,False,odd m
0,8,9,43,odd,False,True,even m
0,8,10,46,even,False,False,odd m
0,8,11,49,odd,False,True,even m
0,8,12,52,even,False,False,odd m
0,9,0,18,even,True,False,odd m
0,9,1,21,odd,False,True,even m
0,9,2,24,even,False,False,odd m
0,9,3,27,odd,False,True,even m
0,9,4,30,even,False,False,odd m
0,9,5,33,odd,False,True,even m
0,9,6,36,even,False,False,odd m
0,9,7,39,odd,False,True,even m
0,9,8,42,even,False,False,odd m
0,9,9,45,odd,False,True,even m
0,9,10,48,even,False,False,odd m
0,9,11,51,odd,False,True,even m
0,9,12,54,even,False,False,odd m
0,10,0,20,even,False,False,odd m
0,10,1,23,odd,False,True,even m
0,10,2,26,even,False,False,odd m
0,10,3,29,odd,False,True,even m
0,10,4,32,even,False,False,odd m
0,10,5,35,odd,False,True,even m
0,10,6,38,even,False,False,odd m
0,10,7,41,odd,False,True,even m
0,10,8,44,even,False,False,odd m
0,10,9,47,odd,False,True,even m
0,10,10,50,even,False,False,odd m
0,10,11,53,odd,False,True,even m
0,10,12,56,even,False,False,odd m
0,11,0,22,even,True,False,odd m
0,11,1,25,odd,False,True,even m
0,11,2,28,even,False,False,odd m
0,11,3,31,odd,False,True,even m
0,11,4,34,even,False,False,odd m
0,11,5,37,odd,False,True,even m
0,11,6,40,even,False,False,odd m
0,11,7,43,odd,False,True,even m
0,11,8,46,even,False,False,odd m
0,11,9,49,odd,False,True,even m
0,11,10,52,even,False,False,odd m
0,11,11,55,odd,False,True,even m
0,11,12,58,even,False,False,odd m
0,12,0,24,even,False,False,odd m
0,12,1,27,odd,False,True,even m
0,12,2,30,even,False,False,odd m
0,12,3,33,odd,False,True,even m
0,12,4,36,even,False,False,odd m
0,12,5,39,odd,False,True,even m
0,12,6,42,even,False,False,odd m
0,12,7,45,odd,False,True,even m
0,12,8,48,even,False,False,odd m
0,12,9,51,odd,False,True,even m
0,12,10,54,even,False,False,odd m
0,12,11,57,odd,False,True,even m
0,12,12,60,even,False,False,odd m
1,0,0,1,odd,False,False,even m
1,0,1,4,even,False,False,odd m
1,0,2,7,odd,False,False,even m
1,0,3,10,even,False,False,odd m
1,0,4,13,odd,False,False,even m
1,0,5,16,even,False,False,odd m
1,0,6,19,odd,False,False,even m
1,0,7,22,even,False,False,odd m
1,0,8,25,odd,False,False,even m
1,0,9,28,even,False,False,odd m
1,0,10,31,odd,False,False,even m
1,0,11,34,even,False,False,odd m
1,0,12,37,odd,False,False,even m
1,1,0,3,odd,False,False,even m
1,1,1,6,even,True,False,odd m
1,1,2,9,odd,False,True,even m
1,1,3,12,even,True,False,odd m
1,1,4,15,odd,False,True,even m
1,1,5,18,even,True,False,odd m
1,1,6,21,odd,False,True,even m
1,1,7,24,even,True,False,odd m
1,1,8,27,odd,False,True,even m
1,1,9,30,even,True,False,odd m
1,1,10,33,odd,False,True,even m
1,1,11,36,even,True,False,odd m
1,1,12,39,odd,False,True,even m
1,2,0,5,odd,False,True,even m
1,2,1,8,even,False,False,odd m
1,2,2,11,odd,False,True,even m
1,2,3,14,even,False,False,odd m
1,2,4,17,odd,False,True,even m
1,2,5,20,even,False,False,odd m
1,2,6,23,odd,False,True,even m
1,2,7,26,even,False,False,odd m
1,2,8,29,odd,False,True,even m
1,2,9,32,even,False,False,odd m
1,2,10,35,odd,False,True,even m
1,2,11,38,even,False,False,odd m
1,2,12,41,odd,False,True,even m
1,3,0,7,odd,False,True,even m
1,3,1,10,even,True,False,odd m
1,3,2,13,odd,False,True,even m
1,3,3,16,even,True,False,odd m
1,3,4,19,odd,False,True,even m
1,3,5,22,even,True,False,odd m
1,3,6,25,odd,False,True,even m
1,3,7,28,even,True,False,odd m
1,3,8,31,odd,False,True,even m
1,3,9,34,even,True,False,odd m
1,3,10,37,odd,False,True,even m
1,3,11,40,even,True,False,odd m
1,3,12,43,odd,False,True,even m
1,4,0,9,odd,False,True,even m
1,4,1,12,even,False,False,odd m
1,4,2,15,odd,False,True,even m
1,4,3,18,even,False,False,odd m
1,4,4,21,odd,False,True,even m
1,4,5,24,even,False,False,odd m
1,4,6,27,odd,False,True,even m
1,4,7,30,even,False,False,odd m
1,4,8,33,odd,False,True,even m
1,4,9,36,even,False,False,odd m
1,4,10,39,odd,False,True,even m
1,4,11,42,even,False,False,odd m
1,4,12,45,odd,False,True,even m
1,5,0,11,odd,False,True,even m
1,5,1,14,even,True,False,odd m
1,5,2,17,odd,False,True,even m
1,5,3,20,even,True,False,odd m
1,5,4,23,odd,False,True,even m
1,5,5,26,even,True,False,odd m
1,5,6,29,odd,False,True,even m
1,5,7,32,even,True,False,odd m
1,5,8,35,odd,False,True,even m
1,5,9,38,even,True,False,odd m
1,5,10,41,odd,False,True,even m
1,5,11,44,even,True,False,odd m
1,5,12,47,odd,False,True,even m
1,6,0,13,odd,False,True,even m
1,6,1,16,even,False,False,odd m
1,6,2,19,odd,False,True,even m
1,6,3,22,even,False,False,odd m
1,6,4,25,odd,False,True,even m
1,6,5,28,even,False,False,odd m
1,6,6,31,odd,False,True,even m
1,6,7,34,even,False,False,odd m
1,6,8,37,odd,False,True,even m
1,6,9,40,even,False,False,odd m
1,6,10,43,odd,False,True,even m
1,6,11,46,even,False,False,odd m
1,6,12,49,odd,False,True,even m
1,7,0,15,odd,False,True,even m
1,7,1,18,even,True,False,odd m
1,7,2,21,odd,False,True,even m
1,7,3,24,even,True,False,odd m
1,7,4,27,odd,False,True,even m
1,7,5,30,even,True,False,odd m
1,7,6,33,odd,False,True,even m
1,7,7,36,even,True,False,odd m
1,7,8,39,odd,False,True,even m
1,7,9,42,even,True,False,odd m
1,7,10,45,odd,False,True,even m
1,7,11,48,even,True,False,odd m
1,7,12,51,odd,False,True,even m
1,8,0,17,odd,False,True,even m
1,8,1,20,even,False,False,odd m
1,8,2,23,odd,False,True,even m
1,8,3,26,even,False,False,odd m
1,8,4,29,odd,False,True,even m
1,8,5,32,even,False,False,odd m
1,8,6,35,odd,False,True,even m
1,8,7,38,even,False,False,odd m
1,8,8,41,odd,False,True,even m
1,8,9,44,even,False,False,odd m
1,8,10,47,odd,False,True,even m
1,8,11,50,even,False,False,odd m
1,8,12,53,odd,False,True,even m
1,9,0,19,odd,False,True,even m
1,9,1,22,even,True,False,odd m
1,9,2,25,odd,False,True,even m
1,9,3,28,even,True,False,odd m
1,9,4,31,odd,False,True,even m
1,9,5,34,even,True,False,odd m
1,9,6,37,odd,False,True,even m
1,9,7,40,even,True,False,odd m
1,9,8,43,odd,False,True,even m
1,9,9,46,even,True,False,odd m
1,9,10,49,odd,False,True,even m
1,9,11,52,even,True,False,odd m
1,9,12,55,odd,False,True,even m
1,10,0,21,odd,False,True,even m
1,10,1,24,even,False,False,odd m
1,10,2,27,odd,False,True,even m
1,10,3,30,even,False,False,odd m
1,10,4,33,odd,False,True,even m
1,10,5,36,even,False,False,odd m
1,10,6,39,odd,False,True,even m
1,10,7,42,even,False,False,odd m
1,10,8,45,odd,False,True,even m
1,10,9,48,even,False,False,odd m
1,10,10,51,odd,False,True,even m
1,10,11,54,even,False,False,odd m
1,10,12,57,odd,False,True,even m
1,11,0,23,odd,False,True,even m
1,11,1,26,even,True,False,odd m
1,11,2,29,odd,False,True,even m
1,11,3,32,even,True,False,odd m
1,11,4,35,odd,False,True,even m
1,11,5,38,even,True,False,odd m
1,11,6,41,odd,False,True,even m
1,11,7,44,even,True,False,odd m
1,11,8,47,odd,False,True,even m
1,11,9,50,even,True,False,odd m
1,11,10,53,odd,False,True,even m
1,11,11,56,even,True,False,odd m
1,11,12,59,odd,False,True,even m
1,12,0,25,odd,False,True,even m
1,12,1,28,even,False,False,odd m
1,12,2,31,odd,False,True,even m
1,12,3,34,even,False,False,odd m
1,12,4,37,odd,False,True,even m
1,12,5,40,even,False,False,odd m
1,12,6,43,odd,False,True,even m
1,12,7,46,even,False,False,odd m
1,12,8,49,odd,False,True,even m
1,12,9,52,even,False,False,odd m
1,12,10,55,odd,False,True,even m
1,12,11,58,even,False,False,odd m
1,12,12,61,odd,False,True,even m
2,0,0,2,even,False,False,odd m
2,0,1,5,odd,False,False,even m
2,0,2,8,even,False,False,odd m
2,0,3,11,odd,False,False,even m
2,0,4,14,even,False,False,odd m
2,0,5,17,odd,False,False,even m
2,0,6,20,even,False,False,odd m
2,0,7,23,odd,False,False,even m
2,0,8,26,even,False,False,odd m
2,0,9,29,odd,False,False,even m
2,0,10,32,even,False,False,odd m
2,0,11,35,odd,False,False,even m
2,0,12,38,even,False,False,odd m
2,1,0,4,even,False,False,odd m
2,1,1,7,odd,False,True,even m
2,1,2,10,even,True,False,odd m
2,1,3,13,odd,False,True,even m
2,1,4,16,even,False,False,odd m
2,1,5,19,odd,False,True,even m
2,1,6,22,even,False,False,odd m
2,1,7,25,odd,False,True,even m
2,1,8,28,even,False,False,odd m
2,1,9,31,odd,False,True,even m
2,1,10,34,even,False,False,odd m
2,1,11,37,odd,False,True,even m
2,1,12,40,even,False,False,odd m
2,2,0,6,even,False,False,odd m
2,2,1,9,odd,False,True,even m
2,2,2,12,even,False,False,odd m
2,2,3,15,odd,False,True,even m
2,2,4,18,even,False,False,odd m
2,2,5,21,odd,False,True,even m
2,2,6,24,even,False,False,odd m
2,2,7,27,odd,False,True,even m
2,2,8,30,even,False,False,odd m
2,2,9,33,odd,False,True,even m
2,2,10,36,even,False,False,odd m
2,2,11,39,odd,False,True,even m
2,2,12,42,even,False,False,odd m
2,3,0,8,even,False,False,odd m
2,3,1,11,odd,False,True,even m
2,3,2,14,even,True,False,odd m
2,3,3,17,odd,False,True,even m
2,3,4,20,even,False,False,odd m
2,3,5,23,odd,False,True,even m
2,3,6,26,even,False,False,odd m
2,3,7,29,odd,False,True,even m
2,3,8,32,even,False,False,odd m
2,3,9,35,odd,False,True,even m
2,3,10,38,even,False,False,odd m
2,3,11,41,odd,False,True,even m
2,3,12,44,even,False,False,odd m
2,4,0,10,even,False,False,odd m
2,4,1,13,odd,False,True,even m
2,4,2,16,even,False,False,odd m
2,4,3,19,odd,False,True,even m
2,4,4,22,even,False,False,odd m
2,4,5,25,odd,False,True,even m
2,4,6,28,even,False,False,odd m
2,4,7,31,odd,False,True,even m
2,4,8,34,even,False,False,odd m
2,4,9,37,odd,False,True,even m
2,4,10,40,even,False,False,odd m
2,4,11,43,odd,False,True,even m
2,4,12,46,even,False,False,odd m
2,5,0,12,even,False,False,odd m
2,5,1,15,odd,False,True,even m
2,5,2,18,even,True,False,odd m
2,5,3,21,odd,False,True,even m
2,5,4,24,even,False,False,odd m
2,5,5,27,odd,False,True,even m
2,5,6,30,even,False,False,odd m
2,5,7,33,odd,False,True,even m
2,5,8,36,even,False,False,odd m
2,5,9,39,odd,False,True,even m
2,5,10,42,even,False,False,odd m
2,5,11,45,odd,False,True,even m
2,5,12,48,even,False,False,odd m
2,6,0,14,even,False,False,odd m
2,6,1,17,odd,False,True,even m
2,6,2,20,even,False,False,odd m
2,6,3,23,odd,False,True,even m
2,6,4,26,even,False,False,odd m
2,6,5,29,odd,False,True,even m
2,6,6,32,even,False,False,odd m
2,6,7,35,odd,False,True,even m
2,6,8,38,even,False,False,odd m
2,6,9,41,odd,False,True,even m
2,6,10,44,even,False,False,odd m
2,6,11,47,odd,False,True,even m
2,6,12,50,even,False,False,odd m
2,7,0,16,even,False,False,odd m
2,7,1,19,odd,False,True,even m
2,7,2,22,even,True,False,odd m
2,7,3,25,odd,False,True,even m
2,7,4,28,even,False,False,odd m
2,7,5,31,odd,False,True,even m
2,7,6,34,even,False,False,odd m
2,7,7,37,odd,False,True,even m
2,7,8,40,even,False,False,odd m
2,7,9,43,odd,False,True,even m
2,7,10,46,even,False,False,odd m
2,7,11,49,odd,False,True,even m
2,7,12,52,even,False,False,odd m
2,8,0,18,even,False,False,odd m
2,8,1,21,odd,False,True,even m
2,8,2,24,even,False,False,odd m
2,8,3,27,odd,False,True,even m
2,8,4,30,even,False,False,odd m
2,8,5,33,odd,False,True,even m
2,8,6,36,even,False,False,odd m
2,8,7,39,odd,False,True,even m
2,8,8,42,even,False,False,odd m
2,8,9,45,odd,False,True,even m
2,8,10,48,even,False,False,odd m
2,8,11,51,odd,False,True,even m
2,8,12,54,even,False,False,odd m
2,9,0,20,even,False,False,odd m
2,9,1,23,odd,False,True,even m
2,9,2,26,even,True,False,odd m
2,9,3,29,odd,False,True,even m
2,9,4,32,even,False,False,odd m
2,9,5,35,odd,False,True,even m
2,9,6,38,even,False,False,odd m
2,9,7,41,odd,False,True,even m
2,9,8,44,even,False,False,odd m
2,9,9,47,odd,False,True,even m
2,9,10,50,even,False,False,odd m
2,9,11,53,odd,False,True,even m
2,9,12,56,even,False,False,odd m
2,10,0,22,even,False,False,odd m
2,10,1,25,odd,False,True,even m
2,10,2,28,even,False,False,odd m
2,10,3,31,odd,False,True,even m
2,10,4,34,even,False,False,odd m
2,10,5,37,odd,False,True,even m
2,10,6,40,even,False,False,odd m
2,10,7,43,odd,False,True,even m
2,10,8,46,even,False,False,odd m
2,10,9,49,odd,False,True,even m
2,10,10,52,even,False,False,odd m
2,10,11,55,odd,False,True,even m
2,10,12,58,even,False,False,odd m
2,11,0,24,even,False,False,odd m
2,11,1,27,odd,False,True,even m
2,11,2,30,even,True,False,odd m
2,11,3,33,odd,False,True,even m
2,11,4,36,even,False,False,odd m
2,11,5,39,odd,False,True,even m
2,11,6,42,even,False,False,odd m
2,11,7,45,odd,False,True,even m
2,11,8,48,even,False,False,odd m
2,11,9,51,odd,False,True,even m
2,11,10,54,even,False,False,odd m
2,11,11,57,odd,False,True,even m
2,11,12,60,even,False,False,odd m
2,12,0,26,even,False,False,odd m
2,12,1,29,odd,False,True,even m
2,12,2,32,even,False,False,odd m
2,12,3,35,odd,False,True,even m
2,12,4,38,even,False,False,odd m
2,12,5,41,odd,False,True,even m
2,12,6,44,even,False,False,odd m
2,12,7,47,odd,False,True,even m
2,12,8,50,even,False,False,odd m
2,12,9,53,odd,False,True,even m
2,12,10,56,even,False,False,odd m
2,12,11,59,odd,False,True,even m
2,12,12,62,even,False,False,odd m
3,0,0,3,odd,False,False,even m
3,0,1,6,even,False,False,odd m
3,0,2,9,odd,False,False,even m
3,0,3,12,even,False,False,odd m
3,0,4,15,odd,False,False,even m
3,0,5,18,even,False,False,odd m
3,0,6,21,odd,False,False,even m
3,0,7,24,even,False,False,odd m
3,0,8,27,odd,False,False,even m
3,0,9,30,even,False,False,odd m
3,0,10,33,odd,False,False,even m
3,0,11,36,even,False,False,odd m
3,0,12,39,odd,False,False,even m
3,1,0,5,odd,False,True,even m
3,1,1,8,even,True,False,odd m
3,1,2,11,odd,False,True,even m
3,1,3,14,even,True,False,odd m
3,1,4,17,odd,False,True,even m
3,1,5,20,even,True,False,odd m
3,1,6,23,odd,False,True,even m
3,1,7,26,even,True,False,odd m
3,1,8,29,odd,False,True,even m
3,1,9,32,even,True,False,odd m
3,1,10,35,odd,False,True,even m
3,1,11,38,even,True,False,odd m
3,1,12,41,odd,False,True,even m
3,2,0,7,odd,False,True,even m
3,2,1,10,even,False,False,odd m
3,2,2,13,odd,False,True,even m
3,2,3,16,even,False,False,odd m
3,2,4,19,odd,False,True,even m
3,2,5,22,even,False,False,odd m
3,2,6,25,odd,False,True,even m
3,2,7,28,even,False,False,odd m
3,2,8,31,odd,False,True,even m
3,2,9,34,even,False,False,odd m
3,2,10,37,odd,False,True,even m
3,2,11,40,even,False,False,odd m
3,2,12,43,odd,False,True,even m
3,3,0,9,odd,False,True,even m
3,3,1,12,even,True,False,odd m
3,3,2,15,odd,False,True,even m
3,3,3,18,even,True,False,odd m
3,3,4,21,odd,False,True,even m
3,3,5,24,even,True,False,odd m
3,3,6,27,odd,False,True,even m
3,3,7,30,even,True,False,odd m
3,3,8,33,odd,False,True,even m
3,3,9,36,even,True,False,odd m
3,3,10,39,odd,False,True,even m
3,3,11,42,even,True,False,odd m
3,3,12,45,odd,False,True,even m
3,4,0,11,odd,False,True,even m
3,4,1,14,even,False,False,odd m
3,4,2,17,odd,False,True,even m
3,4,3,20,even,False,False,odd m
3,4,4,23,odd,False,True,even m
3,4,5,26,even,False,False,odd m
3,4,6,29,odd,False,True,even m
3,4,7,32,even,False,False,odd m
3,4,8,35,odd,False,True,even m
3,4,9,38,even,False,False,odd m
3,4,10,41,odd,False,True,even m
3,4,11,44,even,False,False,odd m
3,4,12,47,odd,False,True,even m
3,5,0,13,odd,False,True,even m
3,5,1,16,even,True,False,odd m
3,5,2,19,odd,False,True,even m
3,5,3,22,even,True,False,odd m
3,5,4,25,odd,False,True,even m
3,5,5,28,even,True,False,odd m
3,5,6,31,odd,False,True,even m
3,5,7,34,even,True,False,odd m
3,5,8,37,odd,False,True,even m
3,5,9,40,even,True,False,odd m
3,5,10,43,odd,False,True,even m
3,5,11,46,even,True,False,odd m
3,5,12,49,odd,False,True,even m
3,6,0,15,odd,False,True,even m
3,6,1,18,even,False,False,odd m
3,6,2,21,odd,False,True,even m
3,6,3,24,even,False,False,odd m
3,6,4,27,odd,False,True,even m
3,6,5,30,even,False,False,odd m
3,6,6,33,odd,False,True,even m
3,6,7,36,even,False,False,odd m
3,6,8,39,odd,False,True,even m
3,6,9,42,even,False,False,odd m
3,6,10,45,odd,False,True,even m
3,6,11,48,even,False,False,odd m
3,6,12,51,odd,False,True,even m
3,7,0,17,odd,False,True,even m
3,7,1,20,even,True,False,odd m
3,7,2,23,odd,False,True,even m
3,7,3,26,even,True,False,odd m
3,7,4,29,odd,False,True,even m
3,7,5,32,even,True,False,odd m
3,7,6,35,odd,False,True,even m
3,7,7,38,even,True,False,odd m
3,7,8,41,odd,False,True,even m
3,7,9,44,even,True,False,odd m
3,7,10,47,odd,False,True,even m
3,7,11,50,even,True,False,odd m
3,7,12,53,odd,False,True,even m
3,8,0,19,odd,False,True,even m
3,8,1,22,even,False,False,odd m
3,8,2,25,odd,False,True,even m
3,8,3,28,even,False,False,odd m
3,8,4,31,odd,False,True,even m
3,8,5,34,even,False,False,odd m
3,8,6,37,odd,False,True,even m
3,8,7,40,even,False,False,odd m
3,8,8,43,odd,False,True,even m
3,8,9,46,even,False,False,odd m
3,8,10,49,odd,False,True,even m
3,8,11,52,even,False,False,odd m
3,8,12,55,odd,False,True,even m
3,9,0,21,odd,False,True,even m
3,9,1,24,even,True,False,odd m
3,9,2,27,odd,False,True,even m
3,9,3,30,even,True,False,odd m
3,9,4,33,odd,False,True,even m
3,9,5,36,even,True,False,odd m
3,9,6,39,odd,False,True,even m
3,9,7,42,even,True,False,odd m
3,9,8,45,odd,False,True,even m
3,9,9,48,even,True,False,odd m
3,9,10,51,odd,False,True,even m
3,9,11,54,even,True,False,odd m
3,9,12,57,odd,False,True,even m
3,10,0,23,odd,False,True,even m
3,10,1,26,even,False,False,odd m
3,10,2,29,odd,False,True,even m
3,10,3,32,even,False,False,odd m
3,10,4,35,odd,False,True,even m
3,10,5,38,even,False,False,odd m
3,10,6,41,odd,False,True,even m
3,10,7,44,even,False,False,odd m
3,10,8,47,odd,False,True,even m
3,10,9,50,even,False,False,odd m
3,10,10,53,odd,False,True,even m
3,10,11,56,even,False,False,odd m
3,10,12,59,odd,False,True,even m
3,11,0,25,odd,False,True,even m
3,11,1,28,even,True,False,odd m
3,11,2,31,odd,False,True,even m
3,11,3,34,even,True,False,odd m
3,11,4,37,odd,False,True,even m
3,11,5,40,even,True,False,odd m
3,11,6,43,odd,False,True,even m
3,11,7,46,even,True,False,odd m
3,11,8,49,odd,False,True,even m
3,11,9,52,even,True,False,odd m
3,11,10,55,odd,False,True,even m
3,11,11,58,even,True,False,odd m
3,11,12,61,odd,False,True,even m
3,12,0,27,odd,False,True,even m
3,12,1,30,even,False,False,odd m
3,12,2,33,odd,False,True,even m
3,12,3,36,even,False,False,odd m
3,12,4,39,odd,False,True,even m
3,12,5,42,even,False,False,odd m
3,12,6,45,odd,False,True,even m
3,12,7,48,even,False,False,odd m
3,12,8,51,odd,False,True,even m
3,12,9,54,even,False,False,odd m
3,12,10,57,odd,False,True,even m
3,12,11,60,even,False,False,odd m
3,12,12,63,odd,False,True,even m
4,0,0,4,even,False,False,odd m
4,0,1,7,odd,False,False,even m
4,0,2,10,even,False,False,odd m
4,0,3,13,odd,False,False,even m
4,0,4,16,even,False,False,odd m
4,0,5,19,odd,False,False,even m
4,0,6,22,even,False,False,odd m
4,0,7,25,odd,False,False,even m
4,0,8,28,even,False,False,odd m
4,0,9,31,odd,False,False,even m
4,0,10,34,even,False,False,odd m
4,0,11,37,odd,False,False,even m
4,0,12,40,even,False,False,odd m
4,1,0,6,even,False,False,odd m
4,1,1,9,odd,False,True,even m
4,1,2,12,even,False,False,odd m
4,1,3,15,odd,False,True,even m
4,1,4,18,even,True,False,odd m
4,1,5,21,odd,False,True,even m
4,1,6,24,even,False,False,odd m
4,1,7,27,odd,False,True,even m
4,1,8,30,even,False,False,odd m
4,1,9,33,odd,False,True,even m
4,1,10,36,even,False,False,odd m
4,1,11,39,odd,False,True,even m
4,1,12,42,even,False,False,odd m
4,2,0,8,even,False,False,odd m
4,2,1,11,odd,False,True,even m
4,2,2,14,even,False,False,odd m
4,2,3,17,odd,False,True,even m
4,2,4,20,even,False,False,odd m
4,2,5,23,odd,False,True,even m
4,2,6,26,even,False,False,odd m
4,2,7,29,odd,False,True,even m
4,2,8,32,even,False,False,odd m
4,2,9,35,odd,False,True,even m
4,2,10,38,even,False,False,odd m
4,2,11,41,odd,False,True,even m
4,2,12,44,even,False,False,odd m
4,3,0,10,even,False,False,odd m
4,3,1,13,odd,False,True,even m
4,3,2,16,even,False,False,odd m
4,3,3,19,odd,False,True,even m
4,3,4,22,even,True,False,odd m
4,3,5,25,odd,False,True,even m
4,3,6,28,even,False,False,odd m
4,3,7,31,odd,False,True,even m
4,3,8,34,even,False,False,odd m
4,3,9,37,odd,False,True,even m
4,3,10,40,even,False,False,odd m
4,3,11,43,odd,False,True,even m
4,3,12,46,even,False,False,odd m
4,4,0,12,even,False,False,odd m
4,4,1,15,odd,False,True,even m
4,4,2,18,even,False,False,odd m
4,4,3,21,odd,False,True,even m
4,4,4,24,even,False,False,odd m
4,4,5,27,odd,False,True,even m
4,4,6,30,even,False,False,odd m
4,4,7,33,odd,False,True,even m
4,4,8,36,even,False,False,odd m
4,4,9,39,odd,False,True,even m
4,4,10,42,even,False,False,odd m
4,4,11,45,odd,False,True,even m
4,4,12,48,even,False,False,odd m
4,5,0,14,even,False,False,odd m
4,5,1,17,odd,False,True,even m
4,5,2,20,even,False,False,odd m
4,5,3,23,odd,False,True,even m
4,5,4,26,even,True,False,odd m
4,5,5,29,odd,False,True,even m
4,5,6,32,even,False,False,odd m
4,5,7,35,odd,False,True,even m
4,5,8,38,even,False,False,odd m
4,5,9,41,odd,False,True,even m
4,5,10,44,even,False,False,odd m
4,5,11,47,odd,False,True,even m
4,5,12,50,even,False,False,odd m
4,6,0,16,even,False,False,odd m
4,6,1,19,odd,False,True,even m
4,6,2,22,even,False,False,odd m
4,6,3,25,odd,False,True,even m
4,6,4,28,even,False,False,odd m
4,6,5,31,odd,False,True,even m
4,6,6,34,even,False,False,odd m
4,6,7,37,odd,False,True,even m
4,6,8,40,even,False,False,odd m
4,6,9,43,odd,False,True,even m
4,6,10,46,even,False,False,odd m
4,6,11,49,odd,False,True,even m
4,6,12,52,even,False,False,odd m
4,7,0,18,even,False,False,odd m
4,7,1,21,odd,False,True,even m
4,7,2,24,even,False,False,odd m
4,7,3,27,odd,False,True,even m
4,7,4,30,even,True,False,odd m
4,7,5,33,odd,False,True,even m
4,7,6,36,even,False,False,odd m
4,7,7,39,odd,False,True,even m
4,7,8,42,even,False,False,odd m
4,7,9,45,odd,False,True,even m
4,7,10,48,even,False,False,odd m
4,7,11,51,odd,False,True,even m
4,7,12,54,even,False,False,odd m
4,8,0,20,even,False,False,odd m
4,8,1,23,odd,False,True,even m
4,8,2,26,even,False,False,odd m
4,8,3,29,odd,False,True,even m
4,8,4,32,even,False,False,odd m
4,8,5,35,odd,False,True,even m
4,8,6,38,even,False,False,odd m
4,8,7,41,odd,False,True,even m
4,8,8,44,even,False,False,odd m
4,8,9,47,odd,False,True,even m
4,8,10,50,even,False,False,odd m
4,8,11,53,odd,False,True,even m
4,8,12,56,even,False,False,odd m
4,9,0,22,even,False,False,odd m
4,9,1,25,odd,False,True,even m
4,9,2,28,even,False,False,odd m
4,9,3,31,odd,False,True,even m
4,9,4,34,even,True,False,odd m
4,9,5,37,odd,False,True,even m
4,9,6,40,even,False,False,odd m
4,9,7,43,odd,False,True,even m
4,9,8,46,even,False,False,odd m
4,9,9,49,odd,False,True,even m
4,9,10,52,even,False,False,odd m
4,9,11,55,odd,False,True,even m
4,9,12,58,even,False,False,odd m
4,10,0,24,even,False,False,odd m
4,10,1,27,odd,False,True,even m
4,10,2,30,even,False,False,odd m
4,10,3,33,odd,False,True,even m
4,10,4,36,even,False,False,odd m
4,10,5,39,odd,False,True,even m
4,10,6,42,even,False,False,odd m
4,10,7,45,odd,False,True,even m
4,10,8,48,even,False,False,odd m
4,10,9,51,odd,False,True,even m
4,10,10,54,even,False,False,odd m
4,10,11,57,odd,False,True,even m
4,10,12,60,even,False,False,odd m
4,11,0,26,even,False,False,odd m
4,11,1,29,odd,False,True,even m
4,11,2,32,even,False,False,odd m
4,11,3,35,odd,False,True,even m
4,11,4,38,even,True,False,odd m
4,11,5,41,odd,False,True,even m
4,11,6,44,even,False,False,odd m
4,11,7,47,odd,False,True,even m
4,11,8,50,even,False,False,odd m
4,11,9,53,odd,False,True,even m
4,11,10,56,even,False,False,odd m
4,11,11,59,odd,False,True,even m
4,11,12,62,even,False,False,odd m
4,12,0,28,even,False,False,odd m
4,12,1,31,odd,False,True,even m
4,12,2,34,even,False,False,odd m
4,12,3,37,odd,False,True,even m
4,12,4,40,even,False,False,odd m
4,12,5,43,odd,False,True,even m
4,12,6,46,even,False,False,odd m
4,12,7,49,odd,False,True,even m
4,12,8,52,even,False,False,odd m
4,12,9,55,odd,False,True,even m
4,12,10,58,even,False,False,odd m
4,12,11,61,odd,False,True,even m
4,12,12,64,even,False,False,odd m
5,0,0,5,odd,False,False,even m
5,0,1,8,even,False,False,odd m
5,0,2,11,odd,False,False,even m
5,0,3,14,even,False,False,odd m
5,0,4,17,odd,False,False,even m
5,0,5,20,even,False,False,odd m
5,0,6,23,odd,False,False,even m
5,0,7,26,even,False,False,odd m
5,0,8,29,odd,False,False,even m
5,0,9,32,even,False,False,odd m
5,0,10,35,odd,False,False,even m
5,0,11,38,even,False,False,odd m
5,0,12,41,odd,False,False,even m
5,1,0,7,odd,False,True,even m
5,1,1,10,even,True,False,odd m
5,1,2,13,odd,False,True,even m
5,1,3,16,even,True,False,odd m
5,1,4,19,odd,False,True,even m
5,1,5,22,even,True,False,odd m
5,1,6,25,odd,False,True,even m
5,1,7,28,even,True,False,odd m
5,1,8,31,odd,False,True,even m
5,1,9,34,even,True,False,odd m
5,1,10,37,odd,False,True,even m
5,1,11,40,even,True,False,odd m
5,1,12,43,odd,False,True,even m
5,2,0,9,odd,False,True,even m
5,2,1,12,even,False,False,odd m
5,2,2,15,odd,False,True,even m
5,2,3,18,even,False,False,odd m
5,2,4,21,odd,False,True,even m
5,2,5,24,even,False,False,odd m
5,2,6,27,odd,False,True,even m
5,2,7,30,even,False,False,odd m
5,2,8,33,odd,False,True,even m
5,2,9,36,even,False,False,odd m
5,2,10,39,odd,False,True,even m
5,2,11,42,even,False,False,odd m
5,2,12,45,odd,False,True,even m
5,3,0,11,odd,False,True,even m
5,3,1,14,even,True,False,odd m
5,3,2,17,odd,False,True,even m
5,3,3,20,even,True,False,odd m
5,3,4,23,odd,False,True,even m
5,3,5,26,even,True,False,odd m
5,3,6,29,odd,False,True,even m
5,3,7,32,even,True,False,odd m
5,3,8,35,odd,False,True,even m
5,3,9,38,even,True,False,odd m
5,3,10,41,odd,False,True,even m
5,3,11,44,even,True,False,odd m
5,3,12,47,odd,False,True,even m
5,4,0,13,odd,False,True,even m
5,4,1,16,even,False,False,odd m
5,4,2,19,odd,False,True,even m
5,4,3,22,even,False,False,odd m
5,4,4,25,odd,False,True,even m
5,4,5,28,even,False,False,odd m
5,4,6,31,odd,False,True,even m
5,4,7,34,even,False,False,odd m
5,4,8,37,odd,False,True,even m
5,4,9,40,even,False,False,odd m
5,4,10,43,odd,False,True,even m
5,4,11,46,even,False,False,odd m
5,4,12,49,odd,False,True,even m
5,5,0,15,odd,False,True,even m
5,5,1,18,even,True,False,odd m
5,5,2,21,odd,False,True,even m
5,5,3,24,even,True,False,odd m
5,5,4,27,odd,False,True,even m
5,5,5,30,even,True,False,odd m
5,5,6,33,odd,False,True,even m
5,5,7,36,even,True,False,odd m
5,5,8,39,odd,False,True,even m
5,5,9,42,even,True,False,odd m
5,5,10,45,odd,False,True,even m
5,5,11,48,even,True,False,odd m
5,5,12,51,odd,False,True,even m
5,6,0,17,odd,False,True,even m
5,6,1,20,even,False,False,odd m
5,6,2,23,odd,False,True,even m
5,6,3,26,even,False,False,odd m
5,6,4,29,odd,False,True,even m
5,6,5,32,even,False,False,odd m
5,6,6,35,odd,False,True,even m
5,6,7,38,even,False,False,odd m
5,6,8,41,odd,False,True,even m
5,6,9,44,even,False,False,odd m
5,6,10,47,odd,False,True,even m
5,6,11,50,even,False,False,odd m
5,6,12,53,odd,False,True,even m
5,7,0,19,odd,False,True,even m
5,7,1,22,even,True,False,odd m
5,7,2,25,odd,False,True,even m
5,7,3,28,even,True,False,odd m
5,7,4,31,odd,False,True,even m
5,7,5,34,even,True,False,odd m
5,7,6,37,odd,False,True,even m
5,7,7,40,even,True,False,odd m
5,7,8,43,odd,False,True,even m
5,7,9,46,even,True,False,odd m
5,7,10,49,odd,False,True,even m
5,7,11,52,even,True,False,odd m
5,7,12,55,odd,False,True,even m
5,8,0,21,odd,False,True,even m
5,8,1,24,even,False,False,odd m
5,8,2,27,odd,False,True,even m
5,8,3,30,even,False,False,odd m
5,8,4,33,odd,False,True,even m
5,8,5,36,even,False,False,odd m
5,8,6,39,odd,False,True,even m
5,8,7,42,even,False,False,odd m
5,8,8,45,odd,False,True,even m
5,8,9,48,even,False,False,odd m
5,8,10,51,odd,False,True,even m
5,8,11,54,even,False,False,odd m
5,8,12,57,odd,False,True,even m
5,9,0,23,odd,False,True,even m
5,9,1,26,even,True,False,odd m
5,9,2,29,odd,False,True,even m
5,9,3,32,even,True,False,odd m
5,9,4,35,odd,False,True,even m
5,9,5,38,even,True,False,odd m
5,9,6,41,odd,False,True,even m
5,9,7,44,even,True,False,odd m
5,9,8,47,odd,False,True,even m
5,9,9,50,even,True,False,odd m
5,9,10,53,odd,False,True,even m
5,9,11,56,even,True,False,odd m
5,9,12,59,odd,False,True,even m
5,10,0,25,odd,False,True,even m
5,10,1,28,even,False,False,odd m
5,10,2,31,odd,False,True,even m
5,10,3,34,even,False,False,odd m
5,10,4,37,odd,False,True,even m
5,10,5,40,even,False,False,odd m
5,10,6,43,odd,False,True,even m
5,10,7,46,even,False,False,odd m
5,10,8,49,odd,False,True,even m
5,10,9,52,even,False,False,odd m
5,10,10,55,odd,False,True,even m
5,10,11,58,even,False,False,odd m
5,10,12,61,odd,False,True,even m
5,11,0,27,odd,False,True,even m
5,11,1,30,even,True,False,odd m
5,11,2,33,odd,False,True,even m
5,11,3,36,even,True,False,odd m
5,11,4,39,odd,False,True,even m
5,11,5,42,even,True,False,odd m
5,11,6,45,odd,False,True,even m
5,11,7,48,even,True,False,odd m
5,11,8,51,odd,False,True,even m
5,11,9,54,even,True,False,odd m
5,11,10,57,odd,False,True,even m
5,11,11,60,even,True,False,odd m
5,11,12,63,odd,False,True,even m
5,12,0,29,odd,False,True,even m
5,12,1,32,even,False,False,odd m
5,12,2,35,odd,False,True,even m
5,12,3,38,even,False,False,odd m
5,12,4,41,odd,False,True,even m
5,12,5,44,even,False,False,odd m
5,12,6,47,odd,False,True,even m
5,12,7,50,even,False,False,odd m
5,12,8,53,odd,False,True,even m
5,12,9,56,even,False,False,odd m
5,12,10,59,odd,False,True,even m
5,12,11,62,even,False,False,odd m
5,12,12,65,odd,False,True,even m
6,0,0,6,even,False,False,odd m
6,0,1,9,odd,False,False,even m
6,0,2,12,even,False,False,odd m
6,0,3,15,odd,False,False,even m
6,0,4,18,even,False,False,odd m
6,0,5,21,odd,False,False,even m
6,0,6,24,even,False,False,odd m
6,0,7,27,odd,False,False,even m
6,0,8,30,even,False,False,odd m
6,0,9,33,odd,False,False,even m
6,0,10,36,even,False,False,odd m
6,0,11,39,odd,False,False,even m
6,0,12,42,even,False,False,odd m
6,1,0,8,even,False,False,odd m
6,1,1,11,odd,False,True,even m
6,1,2,14,even,False,False,odd m
6,1,3,17,odd,False,True,even m
6,1,4,20,even,False,False,odd m
6,1,5,23,odd,False,True,even m
6,1,6,26,even,True,False,odd m
6,1,7,29,odd,False,True,even m
6,1,8,32,even,False,False,odd m
6,1,9,35,odd,False,True,even m
6,1,10,38,even,False,False,odd m
6,1,11,41,odd,False,True,even m
6,1,12,44,even,False,False,odd m
6,2,0,10,even,False,False,odd m
6,2,1,13,odd,False,True,even m
6,2,2,16,even,False,False,odd m
6,2,3,19,odd,False,True,even m
6,2,4,22,even,False,False,odd m
6,2,5,25,odd,False,True,even m
6,2,6,28,even,False,False,odd m
6,2,7,31,odd,False,True,even m
6,2,8,34,even,False,False,odd m
6,2,9,37,odd,False,True,even m
6,2,10,40,even,False,False,odd m
6,2,11,43,odd,False,True,even m
6,2,12,46,even,False,False,odd m
6,3,0,12,even,False,False,odd m
6,3,1,15,odd,False,True,even m
6,3,2,18,even,False,False,odd m
6,3,3,21,odd,False,True,even m
6,3,4,24,even,False,False,odd m
6,3,5,27,odd,False,True,even m
6,3,6,30,even,True,False,odd m
6,3,7,33,odd,False,True,even m
6,3,8,36,even,False,False,odd m
6,3,9,39,odd,False,True,even m
6,3,10,42,even,False,False,odd m
6,3,11,45,odd,False,True,even m
6,3,12,48,even,False,False,odd m
6,4,0,14,even,False,False,odd m
6,4,1,17,odd,False,True,even m
6,4,2,20,even,False,False,odd m
6,4,3,23,odd,False,True,even m
6,4,4,26,even,False,False,odd m
6,4,5,29,odd,False,True,even m
6,4,6,32,even,False,False,odd m
6,4,7,35,odd,False,True,even m
6,4,8,38,even,False,False,odd m
6,4,9,41,odd,False,True,even m
6,4,10,44,even,False,False,odd m
6,4,11,47,odd,False,True,even m
6,4,12,50,even,False,False,odd m
6,5,0,16,even,False,False,odd m
6,5,1,19,odd,False,True,even m
6,5,2,22,even,False,False,odd m
6,5,3,25,odd,False,True,even m
6,5,4,28,even,False,False,odd m
6,5,5,31,odd,False,True,even m
6,5,6,34,even,True,False,odd m
6,5,7,37,odd,False,True,even m
6,5,8,40,even,False,False,odd m
6,5,9,43,odd,False,True,even m
6,5,10,46,even,False,False,odd m
6,5,11,49,odd,False,True,even m
6,5,12,52,even,False,False,odd m
6,6,0,18,even,False,False,odd m
6,6,1,21,odd,False,True,even m
6,6,2,24,even,False,False,odd m
6,6,3,27,odd,False,True,even m
6,6,4,30,even,False,False,odd m
6,6,5,33,odd,False,True,even m
6,6,6,36,even,False,False,odd m
6,6,7,39,odd,False,True,even m
6,6,8,42,even,False,False,odd m
6,6,9,45,odd,False,True,even m
6,6,10,48,even,False,False,odd m
6,6,11,51,odd,False,True,even m
6,6,12,54,even,False,False,odd m
6,7,0,20,even,False,False,odd m
6,7,1,23,odd,False,True,even m
6,7,2,26,even,False,False,odd m
6,7,3,29,odd,False,True,even m
6,7,4,32,even,False,False,odd m
6,7,5,35,odd,False,True,even m
6,7,6,38,even,True,False,odd m
6,7,7,41,odd,False,True,even m
6,7,8,44,even,False,False,odd m
6,7,9,47,odd,False,True,even m
6,7,10,50,even,False,False,odd m
6,7,11,53,odd,False,True,even m
6,7,12,56,even,False,False,odd m
6,8,0,22,even,False,False,odd m
6,8,1,25,odd,False,True,even m
6,8,2,28,even,False,False,odd m
6,8,3,31,odd,False,True,even m
6,8,4,34,even,False,False,odd m
6,8,5,37,odd,False,True,even m
6,8,6,40,even,False,False,odd m
6,8,7,43,odd,False,True,even m
6,8,8,46,even,False,False,odd m
6,8,9,49,odd,False,True,even m
6,8,10,52,even,False,False,odd m
6,8,11,55,odd,False,True,even m
6,8,12,58,even,False,False,odd m
6,9,0,24,even,False,False,odd m
6,9,1,27,odd,False,True,even m
6,9,2,30,even,False,False,odd m
6,9,3,33,odd,False,True,even m
6,9,4,36,even,False,False,odd m
6,9,5,39,odd,False,True,even m
6,9,6,42,even,True,False,odd m
6,9,7,45,odd,False,True,even m
6,9,8,48,even,False,False,odd m
6,9,9,51,odd,False,True,even m
6,9,10,54,even,False,False,odd m
6,9,11,57,odd,False,True,even m
6,9,12,60,even,False,False,odd m
6,10,0,26,even,False,False,odd m
6,10,1,29,odd,False,True,even m
6,10,2,32,even,False,False,odd m
6,10,3,35,odd,False,True,even m
6,10,4,38,even,False,False,odd m
6,10,5,41,odd,False,True,even m
6,10,6,44,even,False,False,odd m
6,10,7,47,odd,False,True,even m
6,10,8,50,even,False,False,odd m
6,10,9,53,odd,False,True,even m
6,10,10,56,even,False,False,odd m
6,10,11,59,odd,False,True,even m
6,10,12,62,even,False,False,odd m
6,11,0,28,even,False,False,odd m
6,11,1,31,odd,False,True,even m
6,11,2,34,even,False,False,odd m
6,11,3,37,odd,False,True,even m
6,11,4,40,even,False,False,odd m
6,11,5,43,odd,False,True,even m
6,11,6,46,even,True,False,odd m
6,11,7,49,odd,False,True,even m
6,11,8,52,even,False,False,odd m
6,11,9,55,odd,False,True,even m
6,11,10,58,even,False,False,odd m
6,11,11,61,odd,False,True,even m
6,11,12,64,even,False,False,odd m
6,12,0,30,even,False,False,odd m
6,12,1,33,odd,False,True,even m
6,12,2,36,even,False,False,odd m
6,12,3,39,odd,False,True,even m
6,12,4,42,even,False,False,odd m
6,12,5,45,odd,False,True,even m
6,12,6,48,even,False,False,odd m
6,12,7,51,odd,False,True,even m
6,12,8,54,even,False,False,odd m
6,12,9,57,odd,False,True,even m
6,12,10,60,even,False,False,odd m
6,12,11,63,odd,False,True,even m
6,12,12,66,even,False,False,odd m
7,0,0,7,odd,False,False,even m
7,0,1,10,even,False,False,odd m
7,0,2,13,odd,False,False,even m
7,0,3,16,even,False,False,odd m
7,0,4,19,odd,False,False,even m
7,0,5,22,even,False,False,odd m
7,0,6,25,odd,False,False,even m
7,0,7,28,even,False,False,odd m
7,0,8,31,odd,False,False,even m
7,0,9,34,even,False,False,odd m
7,0,10,37,odd,False,False,even m
7,0,11,40,even,False,False,odd m
7,0,12,43,odd,False,False,even m
7,1,0,9,odd,False,True,even m
7,1,1,12,even,True,False,odd m
7,1,2,15,odd,False,True,even m
7,1,3,18,even,True,False,odd m
7,1,4,21,odd,False,True,even m
7,1,5,24,even,True,False,odd m
7,1,6,27,odd,False,True,even m
7,1,7,30,even,True,False,odd m
7,1,8,33,odd,False,True,even m
7,1,9,36,even,True,False,odd m
7,1,10,39,odd,False,True,even m
7,1,11,42,even,True,False,odd m
7,1,12,45,odd,False,True,even m
7,2,0,11,odd,False,True,even m
7,2,1,14,even,False,False,odd m
7,2,2,17,odd,False,True,even m
7,2,3,20,even,False,False,odd m
7,2,4,23,odd,False,True,even m
7,2,5,26,even,False,False,odd m
7,2,6,29,odd,False,True,even m
7,2,7,32,even,False,False,odd m
7,2,8,35,odd,False,True,even m
7,2,9,38,even,False,False,odd m
7,2,10,41,odd,False,True,even m
7,2,11,44,even,False,False,odd m
7,2,12,47,odd,False,True,even m
7,3,0,13,odd,False,True,even m
7,3,1,16,even,True,False,odd m
7,3,2,19,odd,False,True,even m
7,3,3,22,even,True,False,odd m
7,3,4,25,odd,False,True,even m
7,3,5,28,even,True,False,odd m
7,3,6,31,odd,False,True,even m
7,3,7,34,even,True,False,odd m
7,3,8,37,odd,False,True,even m
7,3,9,40,even,True,False,odd m
7,3,10,43,odd,False,True,even m
7,3,11,46,even,True,False,odd m
7,3,12,49,odd,False,True,even m
7,4,0,15,odd,False,True,even m
7,4,1,18,even,False,False,odd m
7,4,2,21,odd,False,True,even m
7,4,3,24,even,False,False,odd m
7,4,4,27,odd,False,True,even m
7,4,5,30,even,False,False,odd m
7,4,6,33,odd,False,True,even m
7,4,7,36,even,False,False,odd m
7,4,8,39,odd,False,True,even m
7,4,9,42,even,False,False,odd m
7,4,10,45,odd,False,True,even m
7,4,11,48,even,False,False,odd m
7,4,12,51,odd,False,True,even m
7,5,0,17,odd,False,True,even m
7,5,1,20,even,True,False,odd m
7,5,2,23,odd,False,True,even m
7,5,3,26,even,True,False,odd m
7,5,4,29,odd,False,True,even m
7,5,5,32,even,True,False,odd m
7,5,6,35,odd,False,True,even m
7,5,7,38,even,True,False,odd m
7,5,8,41,odd,False,True,even m
7,5,9,44,even,True,False,odd m
7,5,10,47,odd,False,True,even m
7,5,11,50,even,True,False,odd m
7,5,12,53,odd,False,True,even m
7,6,0,19,odd,False,True,even m
7,6,1,22,even,False,False,odd m
7,6,2,25,odd,False,True,even m
7,6,3,28,even,False,False,odd m
7,6,4,31,odd,False,True,even m
7,6,5,34,even,False,False,odd m
7,6,6,37,odd,False,True,even m
7,6,7,40,even,False,False,odd m
7,6,8,43,odd,False,True,even m
7,6,9,46,even,False,False,odd m
7,6,10,49,odd,False,True,even m
7,6,11,52,even,False,False,odd m
7,6,12,55,odd,False,True,even m
7,7,0,21,odd,False,True,even m
7,7,1,24,even,True,False,odd m
7,7,2,27,odd,False,True,even m
7,7,3,30,even,True,False,odd m
7,7,4,33,odd,False,True,even m
7,7,5,36,even,True,False,odd m
7,7,6,39,odd,False,True,even m
7,7,7,42,even,True,False,odd m
7,7,8,45,odd,False,True,even m
7,7,9,48,even,True,False,odd m
7,7,10,51,odd,False,True,even m
7,7,11,54,even,True,False,odd m
7,7,12,57,odd,False,True,even m
7,8,0,23,odd,False,True,even m
7,8,1,26,even,False,False,odd m
7,8,2,29,odd,False,True,even m
7,8,3,32,even,False,False,odd m
7,8,4,35,odd,False,True,even m
7,8,5,38,even,False,False,odd m
7,8,6,41,odd,False,True,even m
7,8,7,44,even,False,False,odd m
7,8,8,47,odd,False,True,even m
7,8,9,50,even,False,False,odd m
7,8,10,53,odd,False,True,even m
7,8,11,56,even,False,False,odd m
7,8,12,59,odd,False,True,even m
7,9,0,25,odd,False,True,even m
7,9,1,28,even,True,False,odd m
7,9,2,31,odd,False,True,even m
7,9,3,34,even,True,False,odd m
7,9,4,37,odd,False,True,even m
7,9,5,40,even,True,False,odd m
7,9,6,43,odd,False,True,even m
7,9,7,46,even,True,False,odd m
7,9,8,49,odd,False,True,even m
7,9,9,52,even,True,False,odd m
7,9,10,55,odd,False,True,even m
7,9,11,58,even,True,False,odd m
7,9,12,61,odd,False,True,even m
7,10,0,27,odd,False,True,even m
7,10,1,30,even,False,False,odd m
7,10,2,33,odd,False,True,even m
7,10,3,36,even,False,False,odd m
7,10,4,39,odd,False,True,even m
7,10,5,42,even,False,False,odd m
7,10,6,45,odd,False,True,even m
7,10,7,48,even,False,False,odd m
7,10,8,51,odd,False,True,even m
7,10,9,54,even,False,False,odd m
7,10,10,57,odd,False,True,even m
7,10,11,60,even,False,False,odd m
7,10,12,63,odd,False,True,even m
7,11,0,29,odd,False,True,even m
7,11,1,32,even,True,False,odd m
7,11,2,35,odd,False,True,even m
7,11,3,38,even,True,False,odd m
7,11,4,41,odd,False,True,even m
7,11,5,44,even,True,False,odd m
7,11,6,47,odd,False,True,even m
7,11,7,50,even,True,False,odd m
7,11,8,53,odd,False,True,even m
7,11,9,56,even,True,False,odd m
7,11,10,59,odd,False,True,even m
7,11,11,62,even,True,False,odd m
7,11,12,65,odd,False,True,even m
7,12,0,31,odd,False,True,even m
7,12,1,34,even,False,False,odd m
7,12,2,37,odd,False,True,even m
7,12,3,40,even,False,False,odd m
7,12,4,43,odd,False,True,even m
7,12,5,46,even,False,False,odd m
7,12,6,49,odd,False,True,even m
7,12,7,52,even,False,False,odd m
7,12,8,55,odd,False,True,even m
7,12,9,58,even,False,False,odd m
7,12,10,61,odd,False,True,even m
7,12,11,64,even,False,False,odd m
7,12,12,67,odd,False,True,even m
8,0,0,8,even,False,False,odd m
8,0,1,11,odd,False,False,even m
8,0,2,14,even,False,False,odd m
8,0,3,17,odd,False,False,even m
8,0,4,20,even,False,False,odd m
8,0,5,23,odd,False,False,even m
8,0,6,26,even,False,False,odd m
8,0,7,29,odd,False,False,even m
8,0,8,32,even,False,False,odd m
8,0,9,35,odd,False,False,even m
8,0,10,38,even,False,False,odd m
8,0,11,41,odd,False,False,even m
8,0,12,44,even,False,False,odd m
8,1,0,10,even,False,False,odd m
8,1,1,13,odd,False,True,even m
8,1,2,16,even,False,False,odd m
8,1,3,19,odd,False,True,even m
8,1,4,22,even,False,False,odd m
8,1,5,25,odd,False,True,even m
8,1,6,28,even,False,False,odd m
8,1,7,31,odd,False,True,even m
8,1,8,34,even,True,False,odd m
8,1,9,37,odd,False,True,even m
8,1,10,40,even,False,False,odd m
8,1,11,43,odd,False,True,even m
8,1,12,46,even,False,False,odd m
8,2,0,12,even,False,False,odd m
8,2,1,15,odd,False,True,even m
8,2,2,18,even,False,False,odd m
8,2,3,21,odd,False,True,even m
8,2,4,24,even,False,False,odd m
8,2,5,27,odd,False,True,even m
8,2,6,30,even,False,False,odd m
8,2,7,33,odd,False,True,even m
8,2,8,36,even,False,False,odd m
8,2,9,39,odd,False,True,even m
8,2,10,42,even,False,False,odd m
8,2,11,45,odd,False,True,even m
8,2,12,48,even,False,False,odd m
8,3,0,14,even,False,False,odd m
8,3,1,17,odd,False,True,even m
8,3,2,20,even,False,False,odd m
8,3,3,23,odd,False,True,even m
8,3,4,26,even,False,False,odd m
8,3,5,29,odd,False,True,even m
8,3,6,32,even,False,False,odd m
8,3,7,35,odd,False,True,even m
8,3,8,38,even,True,False,odd m
8,3,9,41,odd,False,True,even m
8,3,10,44,even,False,False,odd m
8,3,11,47,odd,False,True,even m
8,3,12,50,even,False,False,odd m
8,4,0,16,even,False,False,odd m
8,4,1,19,odd,False,True,even m
8,4,2,22,even,False,False,odd m
8,4,3,25,odd,False,True,even m
8,4,4,28,even,False,False,odd m
8,4,5,31,odd,False,True,even m
8,4,6,34,even,False,False,odd m
8,4,7,37,odd,False,True,even m
8,4,8,40,even,False,False,odd m
8,4,9,43,odd,False,True,even m
8,4,10,46,even,False,False,odd m
8,4,11,49,odd,False,True,even m
8,4,12,52,even,False,False,odd m
8,5,0,18,even,False,False,odd m
8,5,1,21,odd,False,True,even m
8,5,2,24,even,False,False,odd m
8,5,3,27,odd,False,True,even m
8,5,4,30,even,False,False,odd m
8,5,5,33,odd,False,True,even m
8,5,6,36,even,False,False,odd m
8,5,7,39,odd,False,True,even m
8,5,8,42,even,True,False,odd m
8,5,9,45,odd,False,True,even m
8,5,10,48,even,False,False,odd m
8,5,11,51,odd,False,True,even m
8,5,12,54,even,False,False,odd m
8,6,0,20,even,False,False,odd m
8,6,1,23,odd,False,True,even m
8,6,2,26,even,False,False,odd m
8,6,3,29,odd,False,True,even m
8,6,4,32,even,False,False,odd m
8,6,5,35,odd,False,True,even m
8,6,6,38,even,False,False,odd m
8,6,7,41,odd,False,True,even m
8,6,8,44,even,False,False,odd m
8,6,9,47,odd,False,True,even m
8,6,10,50,even,False,False,odd m
8,6,11,53,odd,False,True,even m
8,6,12,56,even,False,False,odd m
8,7,0,22,even,False,False,odd m
8,7,1,25,odd,False,True,even m
8,7,2,28,even,False,False,odd m
8,7,3,31,odd,False,True,even m
8,7,4,34,even,False,False,odd m
8,7,5,37,odd,False,True,even m
8,7,6,40,even,False,False,odd m
8,7,7,43,odd,False,True,even m
8,7,8,46,even,True,False,odd m
8,7,9,49,odd,False,True,even m
8,7,10,52,even,False,False,odd m
8,7,11,55,odd,False,True,even m
8,7,12,58,even,False,False,odd m
8,8,0,24,even,False,False,odd m
8,8,1,27,odd,False,True,even m
8,8,2,30,even,False,False,odd m
8,8,3,33,odd,False,True,even m
8,8,4,36,even,False,False,odd m
8,8,5,39,odd,False,True,even m
8,8,6,42,even,False,False,odd m
8,8,7,45,odd,False,True,even m
8,8,8,48,even,False,False,odd m
8,8,9,51,odd,False,True,even m
8,8,10,54,even,False,False,odd m
8,8,11,57,odd,False,True,even m
8,8,12,60,even,False,False,odd m
8,9,0,26,even,False,False,odd m
8,9,1,29,odd,False,True,even m
8,9,2,32,even,False,False,odd m
8,9,3,35,odd,False,True,even m
8,9,4,38,even,False,False,odd m
8,9,5,41,odd,False,True,even m
8,9,6,44,even,False,False,odd m
8,9,7,47,odd,False,True,even m
8,9,8,50,even,True,False,odd m
8,9,9,53,odd,False,True,even m
8,9,10,56,even,False,False,odd m
8,9,11,59,odd,False,True,even m
8,9,12,62,even,False,False,odd m
8,10,0,28,even,False,False,odd m
8,10,1,31,odd,False,True,even m
8,10,2,34,even,False,False,odd m
8,10,3,37,odd,False,True,even m
8,10,4,40,even,False,False,odd m
8,10,5,43,odd,False,True,even m
8,10,6,46,even,False,False,odd m
8,10,7,49,odd,False,True,even m
8,10,8,52,even,False,False,odd m
8,10,9,55,odd,False,True,even m
8,10,10,58,even,False,False,odd m
8,10,11,61,odd,False,True,even m
8,10,12,64,even,False,False,odd m
8,11,0,30,even,False,False,odd m
8,11,1,33,odd,False,True,even m
8,11,2,36,even,False,False,odd m
8,11,3,39,odd,False,True,even m
8,11,4,42,even,False,False,odd m
8,11,5,45,odd,False,True,even m
8,11,6,48,even,False,False,odd m
8,11,7,51,odd,False,True,even m
8,11,8,54,even,True,False,odd m
8,11,9,57,odd,False,True,even m
8,11,10,60,even,False,False,odd m
8,11,11,63,odd,False,True,even m
8,11,12,66,even,False,False,odd m
8,12,0,32,even,False,False,odd m
8,12,1,35,odd,False,True,even m
8,12,2,38,even,False,False,odd m
8,12,3,41,odd,False,True,even m
8,12,4,44,even,False,False,odd m
8,12,5,47,odd,False,True,even m
8,12,6,50,even,False,False,odd m
8,12,7,53,odd,False,True,even m
8,12,8,56,even,False,False,odd m
8,12,9,59,odd,False,True,even m
8,12,10,62,even,False,False,odd m
8,12,11,65,odd,False,True,even m
8,12,12,68,even,False,False,odd m
9,0,0,9,odd,False,False,even m
9,0,1,12,even,False,False,odd m
9,0,2,15,odd,False,False,even m
9,0,3,18,even,False,False,odd m
9,0,4,21,odd,False,False,even m
9,0,5,24,even,False,False,odd m
9,0,6,27,odd,False,False,even m
9,0,7,30,even,False,False,odd m
9,0,8,33,odd,False,False,even m
9,0,9,36,even,False,False,odd m
9,0,10,39,odd,False,False,even m
9,0,11,42,even,False,False,odd m
9,0,12,45,odd,False,False,even m
9,1,0,11,odd,False,True,even m
9,1,1,14,even,True,False,odd m
9,1,2,17,odd,False,True,even m
9,1,3,20,even,True,False,odd m
9,1,4,23,odd,False,True,even m
9,1,5,26,even,True,False,odd m
9,1,6,29,odd,False,True,even m
9,1,7,32,even,True,False,odd m
9,1,8,35,odd,False,True,even m
9,1,9,38,even,True,False,odd m
9,1,10,41,odd,False,True,even m
9,1,11,44,even,True,False,odd m
9,1,12,47,odd,False,True,even m
9,2,0,13,odd,False,True,even m
9,2,1,16,even,False,False,odd m
9,2,2,19,odd,False,True,even m
9,2,3,22,even,False,False,odd m
9,2,4,25,odd,False,True,even m
9,2,5,28,even,False,False,odd m
9,2,6,31,odd,False,True,even m
9,2,7,34,even,False,False,odd m
9,2,8,37,odd,False,True,even m
9,2,9,40,even,False,False,odd m
9,2,10,43,odd,False,True,even m
9,2,11,46,even,False,False,odd m
9,2,12,49,odd,False,True,even m
9,3,0,15,odd,False,True,even m
9,3,1,18,even,True,False,odd m
9,3,2,21,odd,False,True,even m
9,3,3,24,even,True,False,odd m
9,3,4,27,odd,False,True,even m
9,3,5,30,even,True,False,odd m
9,3,6,33,odd,False,True,even m
9,3,7,36,even,True,False,odd m
9,3,8,39,odd,False,True,even m
9,3,9,42,even,True,False,odd m
9,3,10,45,odd,False,True,even m
9,3,11,48,even,True,False,odd m
9,3,12,51,odd,False,True,even m
9,4,0,17,odd,False,True,even m
9,4,1,20,even,False,False,odd m
9,4,2,23,odd,False,True,even m
9,4,3,26,even,False,False,odd m
9,4,4,29,odd,False,True,even m
9,4,5,32,even,False,False,odd m
9,4,6,35,odd,False,True,even m
9,4,7,38,even,False,False,odd m
9,4,8,41,odd,False,True,even m
9,4,9,44,even,False,False,odd m
9,4,10,47,odd,False,True,even m
9,4,11,50,even,False,False,odd m
9,4,12,53,odd,False,True,even m
9,5,0,19,odd,False,True,even m
9,5,1,22,even,True,False,odd m
9,5,2,25,odd,False,True,even m
9,5,3,28,even,True,False,odd m
9,5,4,31,odd,False,True,even m
9,5,5,34,even,True,False,odd m
9,5,6,37,odd,False,True,even m
9,5,7,40,even,True,False,odd m
9,5,8,43,odd,False,True,even m
9,5,9,46,even,True,False,odd m
9,5,10,49,odd,False,True,even m
9,5,11,52,even,True,False,odd m
9,5,12,55,odd,False,True,even m
9,6,0,21,odd,False,True,even m
9,6,1,24,even,False,False,odd m
9,6,2,27,odd,False,True,even m
9,6,3,30,even,False,False,odd m
9,6,4,33,odd,False,True,even m
9,6,5,36,even,False,False,odd m
9,6,6,39,odd,False,True,even m
9,6,7,42,even,False,False,odd m
9,6,8,45,odd,False,True,even m
9,6,9,48,even,False,False,odd m
9,6,10,51,odd,False,True,even m
9,6,11,54,even,False,False,odd m
9,6,12,57,odd,False,True,even m
9,7,0,23,odd,False,True,even m
9,7,1,26,even,True,False,odd m
9,7,2,29,odd,False,True,even m
9,7,3,32,even,True,False,odd m
9,7,4,35,odd,False,True,even m
9,7,5,38,even,True,False,odd m
9,7,6,41,odd,False,True,even m
9,7,7,44,even,True,False,odd m
9,7,8,47,odd,False,True,even m
9,7,9,50,even,True,False,odd m
9,7,10,53,odd,False,True,even m
9,7,11,56,even,True,False,odd m
9,7,12,59,odd,False,True,even m
9,8,0,25,odd,False,True,even m
9,8,1,28,even,False,False,odd m
9,8,2,31,odd,False,True,even m
9,8,3,34,even,False,False,odd m
9,8,4,37,odd,False,True,even m
9,8,5,40,even,False,False,odd m
9,8,6,43,odd,False,True,even m
9,8,7,46,even,False,False,odd m
9,8,8,49,odd,False,True,even m
9,8,9,52,even,False,False,odd m
9,8,10,55,odd,False,True,even m
9,8,11,58,even,False,False,odd m
9,8,12,61,odd,False,True,even m
9,9,0,27,odd,False,True,even m
9,9,1,30,even,True,False,odd m
9,9,2,33,odd,False,True,even m
9,9,3,36,even,True,False,odd m
9,9,4,39,odd,False,True,even m
9,9,5,42,even,True,False,odd m
9,9,6,45,odd,False,True,even m
9,9,7,48,even,True,False,odd m
9,9,8,51,odd,False,True,even m
9,9,9,54,even,True,False,odd m
9,9,10,57,odd,False,True,even m
9,9,11,60,even,True,False,odd m
9,9,12,63,odd,False,True,even m
9,10,0,29,odd,False,True,even m
9,10,1,32,even,False,False,odd m
9,10,2,35,odd,False,True,even m
9,10,3,38,even,False,False,odd m
9,10,4,41,odd,False,True,even m
9,10,5,44,even,False,False,odd m
9,10,6,47,odd,False,True,even m
9,10,7,50,even,False,False,odd m
9,10,8,53,odd,False,True,even m
9,10,9,56,even,False,False,odd m
9,10,10,59,odd,False,True,even m
9,10,11,62,even,False,False,odd m
9,10,12,65,odd,False,True,even m
9,11,0,31,odd,False,True,even m
9,11,1,34,even,True,False,odd m
9,11,2,37,odd,False,True,even m
9,11,3,40,even,True,False,odd m
9,11,4,43,odd,False,True,even m
9,11,5,46,even,True,False,odd m
9,11,6,49,odd,False,True,even m
9,11,7,52,even,True,False,odd m
9,11,8,55,odd,False,True,even m
9,11,9,58,even,True,False,odd m
9,11,10,61,odd,False,True,even m
9,11,11,64,even,True,False,odd m
9,11,12,67,odd,False,True,even m
9,12,0,33,odd,False,True,even m
9,12,1,36,even,False,False,odd m
9,12,2,39,odd,False,True,even m
9,12,3,42,even,False,False,odd m
9,12,4,45,odd,False,True,even m
9,12,5,48,even,False,False,odd m
9,12,6,51,odd,False,True,even m
9,12,7,54,even,False,False,odd m
9,12,8,57,odd,False,True,even m
9,12,9,60,even,False,False,odd m
9,12,10,63,odd,False,True,even m
9,12,11,66,even,False,False,odd m
9,12,12,69,odd,False,True,even m
10,0,0,10,even,False,False,odd m
10,0,1,13,odd,False,False,even m
10,0,2,16,even,False,False,odd m
10,0,3,19,odd,False,False,even m
10,0,4,22,even,False,False,odd m
10,0,5,25,odd,False,False,even m
10,0,6,28,even,False,False,odd m
10,0,7,31,odd,False,False,even m
10,0,8,34,even,False,False,odd m
10,0,9,37,odd,False,False,even m
10,0,10,40,even,False,False,odd m
10,0,11,43,odd,False,False,even m
10,0,12,46,even,False,False,odd m
10,1,0,12,even,False,False,odd m
10,1,1,15,odd,False,True,even m
10,1,2,18,even,False,False,odd m
10,1,3,21,odd,False,True,even m
10,1,4,24,even,False,False,odd m
10,1,5,27,odd,False,True,even m
10,1,6,30,even,False,False,odd m
10,1,7,33,odd,False,True,even m
10,1,8,36,even,False,False,odd m
10,1,9,39,odd,False,True,even m
10,1,10,42,even,True,False,odd m
10,1,11,45,odd,False,True,even m
10,1,12,48,even,False,False,odd m
10,2,0,14,even,False,False,odd m
10,2,1,17,odd,False,True,even m
10,2,2,20,even,False,False,odd m
10,2,3,23,odd,False,True,even m
10,2,4,26,even,False,False,odd m
10,2,5,29,odd,False,True,even m
10,2,6,32,even,False,False,odd m
10,2,7,35,odd,False,True,even m
10,2,8,38,even,False,False,odd m
10,2,9,41,odd,False,True,even m
10,2,10,44,even,False,False,odd m
10,2,11,47,odd,False,True,even m
10,2,12,50,even,False,False,odd m
10,3,0,16,even,False,False,odd m
10,3,1,19,odd,False,True,even m
10,3,2,22,even,False,False,odd m
10,3,3,25,odd,False,True,even m
10,3,4,28,even,False,False,odd m
10,3,5,31,odd,False,True,even m
10,3,6,34,even,False,False,odd m
10,3,7,37,odd,False,True,even m
10,3,8,40,even,False,False,odd m
10,3,9,43,odd,False,True,even m
10,3,10,46,even,True,False,odd m
10,3,11,49,odd,False,True,even m
10,3,12,52,even,False,False,odd m
10,4,0,18,even,False,False,odd m
10,4,1,21,odd,False,True,even m
10,4,2,24,even,False,False,odd m
10,4,3,27,odd,False,True,even m
10,4,4,30,even,False,False,odd m
10,4,5,33,odd,False,True,even m
10,4,6,36,even,False,False,odd m
10,4,7,39,odd,False,True,even m
10,4,8,42,even,False,False,odd m
10,4,9,45,odd,False,True,even m
10,4,10,48,even,False,False,odd m
10,4,11,51,odd,False,True,even m
10,4,12,54,even,False,False,odd m
10,5,0,20,even,False,False,odd m
10,5,1,23,odd,False,True,even m
10,5,2,26,even,False,False,odd m
10,5,3,29,odd,False,True,even m
10,5,4,32,even,False,False,odd m
10,5,5,35,odd,False,True,even m
10,5,6,38,even,False,False,odd m
10,5,7,41,odd,False,True,even m
10,5,8,44,even,False,False,odd m
10,5,9,47,odd,False,True,even m
10,5,10,50,even,True,False,odd m
10,5,11,53,odd,False,True,even m
10,5,12,56,even,False,False,odd m
10,6,0,22,even,False,False,odd m
10,6,1,25,odd,False,True,even m
10,6,2,28,even,False,False,odd m
10,6,3,31,odd,False,True,even m
10,6,4,34,even,False,False,odd m
10,6,5,37,odd,False,True,even m
10,6,6,40,even,False,False,odd m
10,6,7,43,odd,False,True,even m
10,6,8,46,even,False,False,odd m
10,6,9,49,odd,False,True,even m
10,6,10,52,even,False,False,odd m
10,6,11,55,odd,False,True,even m
10,6,12,58,even,False,False,odd m
10,7,0,24,even,False,False,odd m
10,7,1,27,odd,False,True,even m
10,7,2,30,even,False,False,odd m
10,7,3,33,odd,False,True,even m
10,7,4,36,even,False,False,odd m
10,7,5,39,odd,False,True,even m
10,7,6,42,even,False,False,odd m
10,7,7,45,odd,False,True,even m
10,7,8,48,even,False,False,odd m
10,7,9,51,odd,False,True,even m
10,7,10,54,even,True,False,odd m
10,7,11,57,odd,False,True,even m
10,7,12,60,even,False,False,odd m
10,8,0,26,even,False,False,odd m
10,8,1,29,odd,False,True,even m
10,8,2,32,even,False,False,odd m
10,8,3,35,odd,False,True,even m
10,8,4,38,even,False,False,odd m
10,8,5,41,odd,False,True,even m
10,8,6,44,even,False,False,odd m
10,8,7,47,odd,False,True,even m
10,8,8,50,even,False,False,odd m
10,8,9,53,odd,False,True,even m
10,8,10,56,even,False,False,odd m
10,8,11,59,odd,False,True,even m
10,8,12,62,even,False,False,odd m
10,9,0,28,even,False,False,odd m
10,9,1,31,odd,False,True,even m
10,9,2,34,even,False,False,odd m
10,9,3,37,odd,False,True,even m
10,9,4,40,even,False,False,odd m
10,9,5,43,odd,False,True,even m
10,9,6,46,even,False,False,odd m
10,9,7,49,odd,False,True,even m
10,9,8,52,even,False,False,odd m
10,9,9,55,odd,False,True,even m
10,9,10,58,even,True,False,odd m
10,9,11,61,odd,False,True,even m
10,9,12,64,even,False,False,odd m
10,10,0,30,even,False,False,odd m
10,10,1,33,odd,False,True,even m
10,10,2,36,even,False,False,odd m
10,10,3,39,odd,False,True,even m
10,10,4,42,even,False,False,odd m
10,10,5,45,odd,False,True,even m
10,10,6,48,even,False,False,odd m
10,10,7,51,odd,False,True,even m
10,10,8,54,even,False,False,odd m
10,10,9,57,odd,False,True,even m
10,10,10,60,even,False,False,odd m
10,10,11,63,odd,False,True,even m
10,10,12,66,even,False,False,odd m
10,11,0,32,even,False,False,odd m
10,11,1,35,odd,False,True,even m
10,11,2,38,even,False,False,odd m
10,11,3,41,odd,False,True,even m
10,11,4,44,even,False,False,odd m
10,11,5,47,odd,False,True,even m
10,11,6,50,even,False,False,odd m
10,11,7,53,odd,False,True,even m
10,11,8,56,even,False,False,odd m
10,11,9,59,odd,False,True,even m
10,11,10,62,even,True,False,odd m
10,11,11,65,odd,False,True,even m
10,11,12,68,even,False,False,odd m
10,12,0,34,even,False,False,odd m
10,12,1,37,odd,False,True,even m
10,12,2,40,even,False,False,odd m
10,12,3,43,odd,False,True,even m
10,12,4,46,even,False,False,odd m
10,12,5,49,odd,False,True,even m
10,12,6,52,even,False,False,odd m
10,12,7,55,odd,False,True,even m
10,12,8,58,even,False,False,odd m
10,12,9,61,odd,False,True,even m
10,12,10,64,even,False,False,odd m
10,12,11,67,odd,False,True,even m
10,12,12,70,even,False,False,odd m
11,0,0,11,odd,False,False,even m
11,0,1,14,even,False,False,odd m
11,0,2,17,odd,False,False,even m
11,0,3,20,even,False,False,odd m
11,0,4,23,odd,False,False,even m
11,0,5,26,even,False,False,odd m
11,0,6,29,odd,False,False,even m
11,0,7,32,even,False,False,odd m
11,0,8,35,odd,False,False,even m
11,0,9,38,even,False,False,odd m
11,0,10,41,odd,False,False,even m
11,0,11,44,even,False,False,odd m
11,0,12,47,odd,False,False,even m
11,1,0,13,odd,False,True,even m
11,1,1,16,even,True,False,odd m
11,1,2,19,odd,False,True,even m
11,1,3,22,even,True,False,odd m
11,1,4,25,odd,False,True,even m
11,1,5,28,even,True,False,odd m
11,1,6,31,odd,False,True,even m
11,1,7,34,even,True,False,odd m
11,1,8,37,odd,False,True,even m
11,1,9,40,even,True,False,odd m
11,1,10,43,odd,False,True,even m
11,1,11,46,even,True,False,odd m
11,1,12,49,odd,False,True,even m
11,2,0,15,odd,False,True,even m
11,2,1,18,even,False,False,odd m
11,2,2,21,odd,False,True,even m
11,2,3,24,even,False,False,odd m
11,2,4,27,odd,False,True,even m
11,2,5,30,even,False,False,odd m
11,2,6,33,odd,False,True,even m
11,2,7,36,even,False,False,odd m
11,2,8,39,odd,False,True,even m
11,2,9,42,even,False,False,odd m
11,2,10,45,odd,False,True,even m
11,2,11,48,even,False,False,odd m
11,2,12,51,odd,False,True,even m
11,3,0,17,odd,False,True,even m
11,3,1,20,even,True,False,odd m
11,3,2,23,odd,False,True,even m
11,3,3,26,even,True,False,odd m
11,3,4,29,odd,False,True,even m
11,3,5,32,even,True,False,odd m
11,3,6,35,odd,False,True,even m
11,3,7,38,even,True,False,odd m
11,3,8,41,odd,False,True,even m
11,3,9,44,even,True,False,odd m
11,3,10,47,odd,False,True,even m
11,3,11,50,even,True,False,odd m
11,3,12,53,odd,False,True,even m
11,4,0,19,odd,False,True,even m
11,4,1,22,even,False,False,odd m
11,4,2,25,odd,False,True,even m
11,4,3,28,even,False,False,odd m
11,4,4,31,odd,False,True,even m
11,4,5,34,even,False,False,odd m
11,4,6,37,odd,False,True,even m
11,4,7,40,even,False,False,odd m
11,4,8,43,odd,False,True,even m
11,4,9,46,even,False,False,odd m
11,4,10,49,odd,False,True,even m
11,4,11,52,even,False,False,odd m
11,4,12,55,odd,False,True,even m
11,5,0,21,odd,False,True,even m
11,5,1,24,even,True,False,odd m
11,5,2,27,odd,False,True,even m
11,5,3,30,even,True,False,odd m
11,5,4,33,odd,False,True,even m
11,5,5,36,even,True,False,odd m
11,5,6,39,odd,False,True,even m
11,5,7,42,even,True,False,odd m
11,5,8,45,odd,False,True,even m
11,5,9,48,even,True,False,odd m
11,5,10,51,odd,False,True,even m
11,5,11,54,even,True,False,odd m
11,5,12,57,odd,False,True,even m
11,6,0,23,odd,False,True,even m
11,6,1,26,even,False,False,odd m
11,6,2,29,odd,False,True,even m
11,6,3,32,even,False,False,odd m
11,6,4,35,odd,False,True,even m
11,6,5,38,even,False,False,odd m
11,6,6,41,odd,False,True,even m
11,6,7,44,even,False,False,odd m
11,6,8,47,odd,False,True,even m
11,6,9,50,even,False,False,odd m
11,6,10,53,odd,False,True,even m
11,6,11,56,even,False,False,odd m
11,6,12,59,odd,False,True,even m
11,7,0,25,odd,False,True,even m
11,7,1,28,even,True,False,odd m
11,7,2,31,odd,False,True,even m
11,7,3,34,even,True,False,odd m
11,7,4,37,odd,False,True,even m
11,7,5,40,even,True,False,odd m
11,7,6,43,odd,False,True,even m
11,7,7,46,even,True,False,odd m
11,7,8,49,odd,False,True,even m
11,7,9,52,even,True,False,odd m
11,7,10,55,odd,False,True,even m
11,7,11,58,even,True,False,odd m
11,7,12,61,odd,False,True,even m
11,8,0,27,odd,False,True,even m
11,8,1,30,even,False,False,odd m
11,8,2,33,odd,False,True,even m
11,8,3,36,even,False,False,odd m
11,8,4,39,odd,False,True,even m
11,8,5,42,even,False,False,odd m
11,8,6,45,odd,False,True,even m
11,8,7,48,even,False,False,odd m
11,8,8,51,odd,False,True,even m
11,8,9,54,even,False,False,odd m
11,8,10,57,odd,False,True,even m
11,8,11,60,even,False,False,odd m
11,8,12,63,odd,False,True,even m
11,9,0,29,odd,False,True,even m
11,9,1,32,even,True,False,odd m
11,9,2,35,odd,False,True,even m
11,9,3,38,even,True,False,odd m
11,9,4,41,odd,False,True,even m
11,9,5,44,even,True,False,odd m
11,9,6,47,odd,False,True,even m
11,9,7,50,even,True,False,odd m
11,9,8,53,odd,False,True,even m
11,9,9,56,even,True,False,odd m
11,9,10,59,odd,False,True,even m
11,9,11,62,even,True,False,odd m
11,9,12,65,odd,False,True,even m
11,10,0,31,odd,False,True,even m
11,10,1,34,even,False,False,odd m
11,10,2,37,odd,False,True,even m
11,10,3,40,even,False,False,odd m
11,10,4,43,odd,False,True,even m
11,10,5,46,even,False,False,odd m
11,10,6,49,odd,False,True,even m
11,10,7,52,even,False,False,odd m
11,10,8,55,odd,False,True,even m
11,10,9,58,even,False,False,odd m
11,10,10,61,odd,False,True,even m
11,10,11,64,even,False,False,odd m
11,10,12,67,odd,False,True,even m
11,11,0,33,odd,False,True,even m
11,11,1,36,even,True,False,odd m
11,11,2,39,odd,False,True,even m
11,11,3,42,even,True,False,odd m
11,11,4,45,odd,False,True,even m
11,11,5,48,even,True,False,odd m
11,11,6,51,odd,False,True,even m
11,11,7,54,even,True,False,odd m
11,11,8,57,odd,False,True,even m
11,11,9,60,even,True,False,odd m
11,11,10,63,odd,False,True,even m
11,11,11,66,even,True,False,odd m
11,11,12,69,odd,False,True,even m
11,12,0,35,odd,False,True,even m
11,12,1,38,even,False,False,odd m
11,12,2,41,odd,False,True,even m
11,12,3,44,even,False,False,odd m
11,12,4,47,odd,False,True,even m
11,12,5,50,even,False,False,odd m
11,12,6,53,odd,False,True,even m
11,12,7,56,even,False,False,odd m
11,12,8,59,odd,False,True,even m
11,12,9,62,even,False,False,odd m
11,12,10,65,odd,False,True,even m
11,12,11,68,even,False,False,odd m
11,12,12,71,odd,False,True,even m
12,0,0,12,even,False,False,odd m
12,0,1,15,odd,False,False,even m
12,0,2,18,even,False,False,odd m
12,0,3,21,odd,False,False,even m
12,0,4,24,even,False,False,odd m
12,0,5,27,odd,False,False,even m
12,0,6,30,even,False,False,odd m
12,0,7,33,odd,False,False,even m
12,0,8,36,even,False,False,odd m
12,0,9,39,odd,False,False,even m
12,0,10,42,even,False,False,odd m
12,0,11,45,odd,False,False,even m
12,0,12,48,even,False,False,odd m
12,1,0,14,even,False,False,odd m
12,1,1,17,odd,False,True,even m
12,1,2,20,even,False,False,odd m
12,1,3,23,odd,False,True,even m
12,1,4,26,even,False,False,odd m
12,1,5,29,odd,False,True,even m
12,1,6,32,even,False,False,odd m
12,1,7,35,odd,False,True,even m
12,1,8,38,even,False,False,odd m
12,1,9,41,odd,False,True,even m
12,1,10,44,even,False,False,odd m
12,1,11,47,odd,False,True,even m
12,1,12,50,even,True,False,odd m
12,2,0,16,even,False,False,odd m
12,2,1,19,odd,False,True,even m
12,2,2,22,even,False,False,odd m
12,2,3,25,odd,False,True,even m
12,2,4,28,even,False,False,odd m
12,2,5,31,odd,False,True,even m
12,2,6,34,even,False,False,odd m
12,2,7,37,odd,False,True,even m
12,2,8,40,even,False,False,odd m
12,2,9,43,odd,False,True,even m
12,2,10,46,even,False,False,odd m
12,2,11,49,odd,False,True,even m
12,2,12,52,even,False,False,odd m
12,3,0,18,even,False,False,odd m
12,3,1,21,odd,False,True,even m
12,3,2,24,even,False,False,odd m
12,3,3,27,odd,False,True,even m
12,3,4,30,even,False,False,odd m
12,3,5,33,odd,False,True,even m
12,3,6,36,even,False,False,odd m
12,3,7,39,odd,False,True,even m
12,3,8,42,even,False,False,odd m
12,3,9,45,odd,False,True,even m
12,3,10,48,even,False,False,odd m
12,3,11,51,odd,False,True,even m
12,3,12,54,even,True,False,odd m
12,4,0,20,even,False,False,odd m
12,4,1,23,odd,False,True,even m
12,4,2,26,even,False,False,odd m
12,4,3,29,odd,False,True,even m
12,4,4,32,even,False,False,odd m
12,4,5,35,odd,False,True,even m
12,4,6,38,even,False,False,odd m
12,4,7,41,odd,False,True,even m
12,4,8,44,even,False,False,odd m
12,4,9,47,odd,False,True,even m
12,4,10,50,even,False,False,odd m
12,4,11,53,odd,False,True,even m
12,4,12,56,even,False,False,odd m
12,5,0,22,even,False,False,odd m
12,5,1,25,odd,False,True,even m
12,5,2,28,even,False,False,odd m
12,5,3,31,odd,False,True,even m
12,5,4,34,even,False,False,odd m
12,5,5,37,odd,False,True,even m
12,5,6,40,even,False,False,odd m
12,5,7,43,odd,False,True,even m
12,5,8,46,even,False,False,odd m
12,5,9,49,odd,False,True,even m
12,5,10,52,even,False,False,odd m
12,5,11,55,odd,False,True,even m
12,5,12,58,even,True,False,odd m
12,6,0,24,even,False,False,odd m
12,6,1,27,odd,False,True,even m
12,6,2,30,even,False,False,odd m
12,6,3,33,odd,False,True,even m
12,6,4,36,even,False,False,odd m
12,6,5,39,odd,False,True,even m
12,6,6,42,even,False,False,odd m
12,6,7,45,odd,False,True,even m
12,6,8,48,even,False,False,odd m
12,6,9,51,odd,False,True,even m
12,6,10,54,even,False,False,odd m
12,6,11,57,odd,False,True,even m
12,6,12,60,even,False,False,odd m
12,7,0,26,even,False,False,odd m
12,7,1,29,odd,False,True,even m
12,7,2,32,even,False,False,odd m
12,7,3,35,odd,False,True,even m
12,7,4,38,even,False,False,odd m
12,7,5,41,odd,False,True,even m
12,7,6,44,even,False,False,odd m
12,7,7,47,odd,False,True,even m
12,7,8,50,even,False,False,odd m
12,7,9,53,odd,False,True,even m
12,7,10,56,even,False,False,odd m
12,7,11,59,odd,False,True,even m
12,7,12,62,even,True,False,odd m
12,8,0,28,even,False,False,odd m
12,8,1,31,odd,False,True,even m
12,8,2,34,even,False,False,odd m
12,8,3,37,odd,False,True,even m
12,8,4,40,even,False,False,odd m
12,8,5,43,odd,False,True,even m
12,8,6,46,even,False,False,odd m
12,8,7,49,odd,False,True,even m
12,8,8,52,even,False,False,odd m
12,8,9,55,odd,False,True,even m
12,8,10,58,even,False,False,odd m
12,8,11,61,odd,False,True,even m
12,8,12,64,even,False,False,odd m
12,9,0,30,even,False,False,odd m
12,9,1,33,odd,False,True,even m
12,9,2,36,even,False,False,odd m
12,9,3,39,odd,False,True,even m
12,9,4,42,even,False,False,odd m
12,9,5,45,odd,False,True,even m
12,9,6,48,even,False,False,odd m
12,9,7,51,odd,False,True,even m
12,9,8,54,even,False,False,odd m
12,9,9,57,odd,False,True,even m
12,9,10,60,even,False,False,odd m
12,9,11,63,odd,False,True,even m
12,9,12,66,even,True,False,odd m
12,10,0,32,even,False,False,odd m
12,10,1,35,odd,False,True,even m
12,10,2,38,even,False,False,odd m
12,10,3,41,odd,False,True,even m
12,10,4,44,even,False,False,odd m
12,10,5,47,odd,False,True,even m
12,10,6,50,even,False,False,odd m
12,10,7,53,odd,False,True,even m
12,10,8,56,even,False,False,odd m
12,10,9,59,odd,False,True,even m
12,10,10,62,even,False,False,odd m
12,10,11,65,odd,False,True,even m
12,10,12,68,even,False,False,odd m
12,11,0,34,even,False,False,odd m
12,11,1,37,odd,False,True,even m
12,11,2,40,even,False,False,odd m
12,11,3,43,odd,False,True,even m
12,11,4,46,even,False,False,odd m
12,11,5,49,odd,False,True,even m
12,11,6,52,even,False,False,odd m
12,11,7,55,odd,False,True,even m
12,11,8,58,even,False,False,odd m
12,11,9,61,odd,False,True,even m
12,11,10,64,even,False,False,odd m
12,11,11,67,odd,False,True,even m
12,11,12,70,even,True,False,odd m
12,12,0,36,even,False,False,odd m
12,12,1,39,odd,False,True,even m
12,12,2,42,even,False,False,odd m
12,12,3,45,odd,False,True,even m
12,12,4,48,even,False,False,odd m
12,12,5,51,odd,False,True,even m
12,12,6,54,even,False,False,odd m
12,12,7,57,odd,False,True,even m
12,12,8,60,even,False,False,odd m
12,12,9,63,odd,False,True,even m
12,12,10,66,even,False,False,odd m
12,12,11,69,odd,False,True,even m
12,12,12,72,even,False,False,odd m
